epoch,step,lr,train_loss,train_distill_loss,train_stream_loss,train_non_stream_loss,train_non_stream_apc_loss,train_cross_modal_apc_loss
1,100,1.5e-05,0.6167,0.3736,0.0785,0.0766,0.0,0.8074
1,200,2.1e-05,0.5723,0.3066,0.071,0.0675,0.0,0.7657
1,300,2.8e-05,0.541,0.2794,0.0658,0.0619,0.0,0.7327
1,400,3.4e-05,0.5198,0.261,0.0622,0.0584,0.0,0.7099
1,500,4.1e-05,0.5047,0.2472,0.0594,0.0559,0.0,0.6947
2,600,4.8e-05,0.4325,0.1774,0.0466,0.0445,0.0,0.6183
2,700,5.4e-05,0.4301,0.1785,0.0462,0.0439,0.0,0.6158
2,800,6.1e-05,0.4276,0.1787,0.0455,0.0432,0.0,0.6144
2,900,6.7e-05,0.4268,0.1779,0.0455,0.0431,0.0,0.6132
2,1000,7.4e-05,0.4255,0.1764,0.0452,0.0428,0.0,0.6123
3,1100,8.1e-05,0.4251,0.175,0.0442,0.0424,0.0,0.6151
3,1200,8.7e-05,0.4215,0.174,0.0437,0.0407,0.0,0.6131
3,1300,9.4e-05,0.4202,0.1767,0.0428,0.0399,0.0,0.6147
3,1400,0.0001,0.4196,0.1764,0.0427,0.0396,0.0,0.6143
3,1500,0.000107,0.4193,0.1775,0.0425,0.0393,0.0,0.6147
3,1600,0.000114,0.4193,0.179,0.0424,0.0391,0.0,0.6152
4,1700,0.00012,0.4168,0.1892,0.041,0.0369,0.0,0.6177
4,1800,0.000127,0.4161,0.1924,0.0409,0.0363,0.0,0.6178
4,1900,0.000133,0.4151,0.1954,0.0404,0.0355,0.0,0.6185
4,2000,0.00014,0.4144,0.1986,0.04,0.0349,0.0,0.6191
4,2100,0.000147,0.414,0.1997,0.0399,0.0347,0.0,0.619
5,2200,0.000153,0.4155,0.2153,0.0398,0.0332,0.0,0.6235
5,2300,0.00016,0.4053,0.2073,0.037,0.0308,0.0,0.6173
5,2400,0.000166,0.4054,0.2083,0.0372,0.0307,0.0,0.6169
5,2500,0.000173,0.4046,0.2076,0.037,0.0306,0.0,0.616
5,2600,0.00018,0.4034,0.2069,0.0368,0.0304,0.0,0.6148
5,2700,0.000186,0.4017,0.2054,0.0365,0.03,0.0,0.6133
6,2800,0.000193,0.3947,0.2056,0.0349,0.0283,0.0,0.6076
6,2900,0.000199,0.3908,0.2017,0.0341,0.0274,0.0,0.6043
6,3000,0.000206,0.3874,0.1968,0.0336,0.0271,0.0,0.5999
6,3100,0.000213,0.3858,0.1959,0.0333,0.0269,0.0,0.5984
6,3200,0.000219,0.3841,0.1943,0.033,0.0267,0.0,0.5962
7,3300,0.000226,0.3706,0.1849,0.0304,0.0239,0.0,0.5839
7,3400,0.000232,0.3711,0.188,0.0302,0.0244,0.0,0.584
7,3500,0.000239,0.369,0.1858,0.0298,0.0241,0.0,0.5819
7,3600,0.000246,0.3675,0.185,0.0295,0.0238,0.0,0.5803
7,3700,0.000252,0.3666,0.184,0.0295,0.0239,0.0,0.5785
7,3800,0.000259,0.3652,0.183,0.0293,0.0238,0.0,0.5765
8,3900,0.000265,0.3535,0.1757,0.0276,0.0216,0.0,0.5634
8,4000,0.000272,0.352,0.1733,0.0276,0.0218,0.0,0.5603
8,4100,0.000279,0.3509,0.1716,0.0275,0.0219,0.0,0.5583
8,4200,0.000285,0.3485,0.169,0.0271,0.0217,0.0,0.5553
8,4300,0.000292,0.3469,0.1671,0.0271,0.0217,0.0,0.5525
9,4400,0.000298,0.3379,0.1597,0.0263,0.021,0.0,0.5389
9,4500,0.000305,0.3352,0.1606,0.0257,0.0197,0.0,0.5379
9,4600,0.000312,0.3338,0.1589,0.0255,0.0199,0.0,0.5355
9,4700,0.000318,0.332,0.157,0.0253,0.0199,0.0,0.5326
9,4800,0.000325,0.3304,0.1559,0.0251,0.0199,0.0,0.5303
9,4900,0.000331,0.3292,0.1548,0.0251,0.02,0.0,0.5278
10,5000,0.000338,0.3152,0.1433,0.0229,0.0182,0.0,0.511
10,5100,0.000345,0.3146,0.1428,0.0232,0.0183,0.0,0.5087
10,5200,0.000351,0.3149,0.144,0.0234,0.0186,0.0,0.5079
10,5300,0.000358,0.3141,0.1436,0.0234,0.0187,0.0,0.5061
10,5400,0.000364,0.3127,0.1421,0.0234,0.0188,0.0,0.5032
11,5500,0.000371,0.3005,0.1333,0.0221,0.0174,0.0,0.4864
11,5600,0.000378,0.2984,0.1305,0.0219,0.0177,0.0,0.4825
11,5700,0.000384,0.297,0.1295,0.0219,0.0177,0.0,0.4801
11,5800,0.000391,0.2964,0.1292,0.022,0.0178,0.0,0.4784
11,5900,0.000397,0.2953,0.1283,0.022,0.0179,0.0,0.4761
11,6000,0.000404,0.2941,0.1273,0.022,0.0179,0.0,0.4736
12,6100,0.000411,0.2828,0.1196,0.0211,0.0165,0.0,0.4571
12,6200,0.000417,0.2823,0.1193,0.021,0.0169,0.0,0.4558
12,6300,0.000424,0.2816,0.1194,0.021,0.017,0.0,0.4544
12,6400,0.00043,0.2805,0.1187,0.021,0.017,0.0,0.452
12,6500,0.000437,0.279,0.1172,0.021,0.017,0.0,0.4493
13,6600,0.000444,0.2702,0.1104,0.021,0.0166,0.0,0.4331
13,6700,0.00045,0.2678,0.1088,0.0206,0.016,0.0,0.4308
13,6800,0.000457,0.2658,0.1069,0.0203,0.016,0.0,0.4281
13,6900,0.000463,0.2649,0.1058,0.0203,0.0162,0.0,0.426
13,7000,0.00047,0.2635,0.1045,0.0202,0.0161,0.0,0.4237
14,7100,0.000477,0.2537,0.1005,0.018,0.0153,0.0,0.4125
14,7200,0.000483,0.2499,0.093,0.0185,0.0145,0.0,0.4059
14,7300,0.00049,0.2519,0.0939,0.0191,0.0154,0.0,0.4064
14,7400,0.000496,0.2518,0.094,0.0193,0.0156,0.0,0.4053
14,7500,0.000503,0.2503,0.0923,0.0193,0.0157,0.0,0.4023
14,7600,0.00051,0.2492,0.091,0.0193,0.0158,0.0,0.3997
15,7700,0.000516,0.2379,0.0835,0.0178,0.0141,0.0,0.3859
15,7800,0.000523,0.2381,0.0831,0.0179,0.0145,0.0,0.385
15,7900,0.000529,0.2379,0.0828,0.0181,0.0148,0.0,0.3835
15,8000,0.000536,0.2378,0.0827,0.0183,0.015,0.0,0.3823
15,8100,0.000543,0.237,0.0822,0.0184,0.0152,0.0,0.3803
16,8200,0.000549,0.2276,0.0768,0.0172,0.0139,0.0,0.3679
16,8300,0.000556,0.2271,0.0759,0.0174,0.0145,0.0,0.3656
16,8400,0.000562,0.226,0.0753,0.0175,0.0142,0.0,0.3635
16,8500,0.000569,0.2253,0.0749,0.0176,0.0144,0.0,0.3617
16,8600,0.000576,0.2248,0.0742,0.0177,0.0147,0.0,0.3596
16,8700,0.000582,0.2237,0.0732,0.0179,0.0149,0.0,0.3565
17,8800,0.000589,0.2109,0.0658,0.0163,0.0139,0.0,0.3385
17,8900,0.000595,0.2091,0.0649,0.0161,0.0138,0.0,0.3357
17,9000,0.000602,0.2084,0.0641,0.0164,0.0141,0.0,0.3331
17,9100,0.000609,0.2075,0.0635,0.0165,0.0143,0.0,0.3303
17,9200,0.000615,0.206,0.0623,0.0168,0.0145,0.0,0.3263
18,9300,0.000622,0.1933,0.0558,0.0152,0.0135,0.0,0.3083
18,9400,0.000628,0.1922,0.0545,0.0158,0.0129,0.0,0.3059
18,9500,0.000635,0.1934,0.0553,0.0163,0.0132,0.0,0.306
18,9600,0.000642,0.1926,0.055,0.0164,0.0136,0.0,0.3034
18,9700,0.000648,0.1913,0.0541,0.0166,0.0138,0.0,0.2999
18,9800,0.000655,0.1898,0.0532,0.0165,0.0138,0.0,0.2971
19,9900,0.000661,0.18,0.0484,0.0157,0.0139,0.0,0.2802
19,10000,0.000668,0.1779,0.0473,0.0158,0.0139,0.0,0.2758
19,10100,0.000675,0.1766,0.0467,0.0158,0.0141,0.0,0.273
19,10200,0.000681,0.175,0.0455,0.0159,0.0142,0.0,0.2692
19,10300,0.000688,0.1736,0.0448,0.016,0.0142,0.0,0.2664
20,10400,0.000694,0.159,0.0372,0.0152,0.0132,0.0,0.2422
20,10500,0.000701,0.1619,0.0386,0.0156,0.0132,0.0,0.2468
20,10600,0.000708,0.1624,0.0391,0.0155,0.013,0.0,0.2482
20,10700,0.000714,0.1617,0.0387,0.0156,0.0133,0.0,0.2459
20,10800,0.000721,0.1604,0.038,0.0157,0.0135,0.0,0.243
20,10900,0.000727,0.1591,0.0372,0.0157,0.0135,0.0,0.2402
21,11000,0.000734,0.1502,0.0339,0.0146,0.0126,0.0,0.2278
21,11100,0.000741,0.1489,0.0334,0.0146,0.0125,0.0,0.2257
21,11200,0.000747,0.148,0.033,0.0145,0.0124,0.0,0.2244
21,11300,0.000754,0.1474,0.0326,0.0148,0.0124,0.0,0.2226
21,11400,0.00076,0.1465,0.0319,0.0149,0.0127,0.0,0.2196
22,11500,0.000767,0.1393,0.0294,0.0139,0.0114,0.0,0.2112
22,11600,0.000774,0.1398,0.0292,0.0143,0.0119,0.0,0.2098
22,11700,0.00078,0.14,0.0293,0.0146,0.0124,0.0,0.2086
22,11800,0.000787,0.1395,0.0288,0.0148,0.0126,0.0,0.2066
22,11900,0.000793,0.1387,0.0284,0.0149,0.013,0.0,0.2039
22,12000,0.0008,0.1373,0.0278,0.0148,0.013,0.0,0.2013
23,12100,0.0008,0.1264,0.024,0.0134,0.0124,0.0,0.1856
23,12200,0.0008,0.1263,0.0237,0.0137,0.0125,0.0,0.1841
23,12300,0.0008,0.1254,0.0234,0.0137,0.0124,0.0,0.1827
23,12400,0.0008,0.1253,0.0234,0.0138,0.0124,0.0,0.1822
23,12500,0.0008,0.1248,0.0231,0.0139,0.0124,0.0,0.1806
24,12600,0.0008,0.1175,0.0208,0.013,0.0114,0.0,0.1712
24,12700,0.0008,0.1185,0.0212,0.0132,0.0108,0.0,0.1735
24,12800,0.0008,0.1181,0.021,0.0132,0.011,0.0,0.1725
24,12900,0.0008,0.1175,0.0208,0.0132,0.0111,0.0,0.1712
24,13000,0.0008,0.1171,0.0205,0.0133,0.0113,0.0,0.1697
24,13100,0.0008,0.1166,0.0203,0.0134,0.0114,0.0,0.1683
25,13200,0.0008,0.1131,0.0193,0.013,0.0108,0.0,0.1637
25,13300,0.0008,0.1126,0.0193,0.0128,0.0106,0.0,0.1638
25,13400,0.0008,0.1112,0.0189,0.0125,0.0105,0.0,0.1621
25,13500,0.0008,0.1113,0.0188,0.0128,0.0104,0.0,0.1615
25,13600,0.0008,0.111,0.0187,0.0128,0.0104,0.0,0.1609
26,13700,0.0008,0.1071,0.0178,0.0115,0.0109,0.0,0.156
26,13800,0.0008,0.1059,0.0175,0.0116,0.0106,0.0,0.1541
26,13900,0.0008,0.1053,0.0171,0.0119,0.0107,0.0,0.1518
26,14000,0.0008,0.105,0.017,0.012,0.0104,0.0,0.1515
26,14100,0.0008,0.1046,0.0167,0.0121,0.0105,0.0,0.1503
27,14200,0.0008,0.0976,0.0149,0.0109,0.0109,0.0,0.1393
27,14300,0.0008,0.0997,0.0157,0.0112,0.01,0.0,0.1441
27,14400,0.0008,0.0988,0.0154,0.0111,0.01,0.0,0.1426
27,14500,0.0008,0.0985,0.0152,0.0112,0.0098,0.0,0.1421
27,14600,0.0008,0.0979,0.015,0.0113,0.0097,0.0,0.141
27,14700,0.0008,0.0979,0.0149,0.0114,0.0096,0.0,0.1407
28,14800,0.0008,0.0952,0.0144,0.0107,0.0091,0.0,0.1385
28,14900,0.0008,0.0945,0.0142,0.0107,0.0093,0.0,0.137
28,15000,0.0008,0.0946,0.0142,0.0108,0.0094,0.0,0.1368
28,15100,0.0008,0.0943,0.014,0.0109,0.0094,0.0,0.1356
28,15200,0.0008,0.0939,0.0138,0.011,0.0097,0.0,0.1342
29,15300,0.0008,0.0892,0.013,0.0105,0.008,0.0,0.1297
29,15400,0.0008,0.0919,0.0137,0.0109,0.0083,0.0,0.1332
29,15500,0.0008,0.0909,0.0133,0.0107,0.0084,0.0,0.1316
29,15600,0.0008,0.0902,0.0131,0.0106,0.0086,0.0,0.13
29,15700,0.0008,0.0897,0.0128,0.0107,0.0087,0.0,0.1287
29,15800,0.0008,0.0895,0.0128,0.0108,0.0087,0.0,0.1281
30,15900,0.0008,0.0853,0.0121,0.01,0.007,0.0,0.1255
30,16000,0.0008,0.0865,0.0124,0.0102,0.0072,0.0,0.1268
30,16100,0.0008,0.0865,0.0123,0.0104,0.0074,0.0,0.1258
30,16200,0.0008,0.0863,0.0122,0.0104,0.0077,0.0,0.1249
30,16300,0.0008,0.0861,0.0121,0.0104,0.0079,0.0,0.1239
31,16400,0.0008,0.0828,0.0113,0.0097,0.0077,0.0,0.12
31,16500,0.0008,0.0819,0.0112,0.0091,0.0082,0.0,0.1191
31,16600,0.0008,0.0815,0.011,0.0092,0.008,0.0,0.1183
31,16700,0.0008,0.0812,0.0109,0.0093,0.0079,0.0,0.1175
31,16800,0.0008,0.0814,0.0109,0.0096,0.0081,0.0,0.1168
31,16900,0.0008,0.0814,0.0108,0.0097,0.0082,0.0,0.1164
32,17000,0.0008,0.0779,0.0104,0.0091,0.0068,0.0,0.1137
32,17100,0.0008,0.0779,0.0104,0.0092,0.0069,0.0,0.1135
32,17200,0.0008,0.0776,0.0103,0.0091,0.007,0.0,0.1129
32,17300,0.0008,0.0779,0.0103,0.0093,0.007,0.0,0.113
32,17400,0.0008,0.0781,0.0103,0.0094,0.0071,0.0,0.1128
33,17500,0.0008,0.0749,0.0095,0.0087,0.0077,0.0,0.1074
33,17600,0.0008,0.0781,0.0101,0.0097,0.0079,0.0,0.1104
33,17700,0.0008,0.0775,0.01,0.0095,0.0078,0.0,0.1097
33,17800,0.0008,0.0768,0.0098,0.0093,0.0078,0.0,0.1091
33,17900,0.0008,0.0762,0.0097,0.0092,0.0077,0.0,0.1083
33,18000,0.0008,0.0759,0.0095,0.0093,0.0079,0.0,0.1073
34,18100,0.0008,0.0726,0.0089,0.0085,0.008,0.0,0.1027
34,18200,0.0008,0.0715,0.0087,0.0084,0.0074,0.0,0.1024
34,18300,0.0008,0.0711,0.0087,0.0082,0.007,0.0,0.1026
34,18400,0.0008,0.0717,0.0088,0.0085,0.0071,0.0,0.1028
34,18500,0.0008,0.0718,0.0088,0.0086,0.0072,0.0,0.1025
35,18600,0.0008,0.0686,0.0083,0.0078,0.0068,0.0,0.0994
35,18700,0.0008,0.0696,0.0084,0.0084,0.0064,0.0,0.1003
35,18800,0.0008,0.07,0.0085,0.0085,0.0063,0.0,0.101
35,18900,0.0008,0.0704,0.0086,0.0086,0.0062,0.0,0.1017
35,19000,0.0008,0.0704,0.0086,0.0086,0.0062,0.0,0.1016
35,19100,0.0008,0.0703,0.0086,0.0087,0.0062,0.0,0.1013
36,19200,0.0008,0.0693,0.0085,0.0084,0.0061,0.0,0.1002
36,19300,0.0008,0.0681,0.0084,0.008,0.0057,0.0,0.1
36,19400,0.0008,0.0678,0.0084,0.0079,0.0058,0.0,0.0995
36,19500,0.0008,0.0676,0.0083,0.0079,0.006,0.0,0.0988
36,19600,0.0008,0.0671,0.0081,0.0078,0.006,0.0,0.0979
37,19700,0.0008,0.0623,0.0073,0.0067,0.006,0.0,0.0917
37,19800,0.0008,0.063,0.0074,0.0067,0.0063,0.0,0.0926
37,19900,0.0008,0.0631,0.0074,0.0067,0.0067,0.0,0.0917
37,20000,0.0008,0.0634,0.0073,0.007,0.0071,0.0,0.091
37,20100,0.0008,0.0635,0.0072,0.0072,0.0071,0.0,0.0906
37,20200,0.0008,0.0643,0.0072,0.0077,0.0071,0.0,0.0906
38,20300,0.0008,0.0651,0.0073,0.0087,0.0058,0.0,0.0917
38,20400,0.0008,0.0637,0.0071,0.0081,0.0059,0.0,0.0906
38,20500,0.0008,0.0632,0.0071,0.0079,0.0061,0.0,0.0898
38,20600,0.0008,0.0628,0.007,0.0078,0.0059,0.0,0.0895
38,20700,0.0008,0.0626,0.007,0.0079,0.0058,0.0,0.0893
39,20800,0.0008,0.0612,0.007,0.0071,0.0055,0.0,0.0894
39,20900,0.0008,0.0612,0.0069,0.0074,0.0052,0.0,0.0889
39,21000,0.0008,0.0612,0.0069,0.0074,0.0055,0.0,0.0886
39,21100,0.0008,0.061,0.0068,0.0075,0.0057,0.0,0.0876
39,21200,0.0008,0.0609,0.0067,0.0075,0.0057,0.0,0.0872
40,21300,0.0008,0.0557,0.0062,0.0058,0.0045,0.0,0.0843
40,21400,0.0008,0.0575,0.0064,0.0066,0.0047,0.0,0.085
40,21500,0.0008,0.0574,0.0064,0.0065,0.0047,0.0,0.0851
40,21600,0.0008,0.0573,0.0064,0.0065,0.0049,0.0,0.0847
40,21700,0.0008,0.0576,0.0063,0.0066,0.0053,0.0,0.0843
40,21800,0.0008,0.0576,0.0062,0.0066,0.0054,0.0,0.0837
41,21900,0.0008,0.0562,0.0059,0.0065,0.0059,0.0,0.0803
41,22000,0.0008,0.0569,0.006,0.0068,0.0062,0.0,0.0806
41,22100,0.0008,0.0567,0.0059,0.0067,0.0062,0.0,0.08
41,22200,0.0008,0.0569,0.0058,0.007,0.0063,0.0,0.0796
41,22300,0.0008,0.0574,0.0058,0.0072,0.0064,0.0,0.0797
42,22400,0.0008,0.0544,0.0058,0.0064,0.0051,0.0,0.079
42,22500,0.0008,0.0549,0.0058,0.0068,0.0046,0.0,0.0795
42,22600,0.0008,0.0549,0.0058,0.0069,0.0045,0.0,0.0794
42,22700,0.0008,0.0547,0.0058,0.0069,0.0044,0.0,0.0793
42,22800,0.0008,0.0546,0.0058,0.0068,0.0044,0.0,0.0794
42,22900,0.0008,0.0547,0.0058,0.0068,0.0044,0.0,0.0794
43,23000,0.0008,0.0528,0.0057,0.0057,0.0044,0.0,0.0792
43,23100,0.0008,0.0519,0.0056,0.0055,0.0043,0.0,0.0779
43,23200,0.0008,0.0519,0.0056,0.0056,0.0043,0.0,0.0781
43,23300,0.0008,0.0521,0.0056,0.0056,0.0045,0.0,0.0778
43,23400,0.0008,0.0522,0.0055,0.0056,0.0049,0.0,0.0771
44,23500,0.0008,0.0516,0.0051,0.005,0.0077,0.0,0.0722
44,23600,0.0008,0.0502,0.005,0.005,0.0067,0.0,0.0715
44,23700,0.0008,0.0495,0.0049,0.005,0.0061,0.0,0.0714
44,23800,0.0008,0.0495,0.0049,0.0052,0.0057,0.0,0.0714
44,23900,0.0008,0.0501,0.005,0.0057,0.0054,0.0,0.0718
44,24000,0.0008,0.0508,0.005,0.0061,0.0053,0.0,0.0723
45,24100,0.0008,0.0516,0.0053,0.0068,0.0038,0.0,0.0745
45,24200,0.0008,0.0515,0.0052,0.0067,0.004,0.0,0.0742
45,24300,0.0008,0.0512,0.0052,0.0065,0.0043,0.0,0.0738
45,24400,0.0008,0.0513,0.0051,0.0066,0.0047,0.0,0.0731
45,24500,0.0008,0.0512,0.005,0.0066,0.0047,0.0,0.0727
46,24600,0.0008,0.0485,0.0049,0.0062,0.0035,0.0,0.071
46,24700,0.0008,0.0485,0.0048,0.0058,0.0044,0.0,0.0703
46,24800,0.0008,0.0487,0.0048,0.006,0.0043,0.0,0.0704
46,24900,0.0008,0.0488,0.0048,0.006,0.0042,0.0,0.0704
46,25000,0.0008,0.0489,0.0048,0.0061,0.0042,0.0,0.0706
46,25100,0.0008,0.0489,0.0048,0.0061,0.0043,0.0,0.0703
47,25200,0.0008,0.0466,0.0044,0.0051,0.0052,0.0,0.0673
47,25300,0.0008,0.0463,0.0044,0.0051,0.0049,0.0,0.0669
47,25400,0.0008,0.0458,0.0043,0.0051,0.0046,0.0,0.0668
47,25500,0.0008,0.0458,0.0043,0.005,0.0046,0.0,0.0668
47,25600,0.0008,0.046,0.0043,0.0051,0.0048,0.0,0.0666
48,25700,0.0008,0.0445,0.0042,0.0047,0.0044,0.0,0.0655
48,25800,0.0008,0.0439,0.0042,0.0045,0.0044,0.0,0.0649
48,25900,0.0008,0.0437,0.0041,0.0046,0.0044,0.0,0.0642
48,26000,0.0008,0.0444,0.0041,0.005,0.0044,0.0,0.0646
48,26100,0.0008,0.0446,0.0041,0.0051,0.0043,0.0,0.0649
48,26200,0.0008,0.045,0.0042,0.0053,0.0044,0.0,0.065
49,26300,0.0008,0.0457,0.0041,0.0056,0.0047,0.0,0.0647
49,26400,0.0008,0.0449,0.0041,0.0054,0.0042,0.0,0.0646
49,26500,0.0008,0.0446,0.0041,0.0054,0.004,0.0,0.0646
49,26600,0.0008,0.0445,0.0041,0.0054,0.004,0.0,0.0645
49,26700,0.0008,0.0444,0.0041,0.0054,0.0039,0.0,0.0644
50,26800,0.0008,0.0422,0.004,0.0049,0.0029,0.0,0.0636
50,26900,0.0008,0.0423,0.004,0.0047,0.0032,0.0,0.0635
50,27000,0.0008,0.0433,0.004,0.0052,0.0035,0.0,0.0636
50,27100,0.0008,0.0443,0.004,0.0057,0.0037,0.0,0.0637
50,27200,0.0008,0.0447,0.004,0.0059,0.0037,0.0,0.0638
50,27300,0.0008,0.0451,0.0041,0.0061,0.0037,0.0,0.0639
51,27400,0.0008,0.0426,0.004,0.005,0.0031,0.0,0.0636
51,27500,0.0008,0.0427,0.004,0.0048,0.0037,0.0,0.0633
51,27600,0.0008,0.0426,0.0039,0.0048,0.0039,0.0,0.0624
51,27700,0.0008,0.0423,0.0038,0.0048,0.0039,0.0,0.0621
51,27800,0.0008,0.0422,0.0038,0.0048,0.0039,0.0,0.0619
52,27900,0.0008,0.0389,0.0035,0.0038,0.0034,0.0,0.0593
52,28000,0.0008,0.0395,0.0036,0.0039,0.0035,0.0,0.06
52,28100,0.0008,0.0395,0.0036,0.0039,0.0035,0.0,0.0599
52,28200,0.0008,0.0397,0.0036,0.004,0.0035,0.0,0.0599
52,28300,0.0008,0.04,0.0036,0.0042,0.0035,0.0,0.0599
53,28400,0.0008,0.0394,0.0035,0.0041,0.0033,0.0,0.0594
53,28500,0.0008,0.0396,0.0035,0.0039,0.0043,0.0,0.0585
53,28600,0.0008,0.0398,0.0034,0.004,0.0047,0.0,0.0579
53,28700,0.0008,0.0406,0.0034,0.0044,0.0051,0.0,0.0575
53,28800,0.0008,0.0406,0.0034,0.0046,0.0049,0.0,0.0572
53,28900,0.0008,0.0414,0.0034,0.0051,0.0048,0.0,0.0576
54,29000,0.0008,0.0421,0.0034,0.0063,0.0032,0.0,0.0584
54,29100,0.0008,0.0416,0.0035,0.0061,0.0031,0.0,0.0584
54,29200,0.0008,0.0411,0.0035,0.0058,0.003,0.0,0.0583
54,29300,0.0008,0.0412,0.0035,0.0059,0.0031,0.0,0.0583
54,29400,0.0008,0.0414,0.0035,0.0059,0.0032,0.0,0.0583
55,29500,0.0008,0.04,0.0033,0.0051,0.0039,0.0,0.0566
55,29600,0.0008,0.0382,0.0033,0.0043,0.0034,0.0,0.0564
55,29700,0.0008,0.0381,0.0033,0.0041,0.0037,0.0,0.0561
55,29800,0.0008,0.038,0.0032,0.0041,0.0041,0.0,0.0554
55,29900,0.0008,0.0377,0.0031,0.004,0.0041,0.0,0.0549
55,30000,0.0008,0.0374,0.0031,0.004,0.0039,0.0,0.0545
56,30100,0.0008,0.0355,0.003,0.0037,0.0029,0.0,0.0537
56,30200,0.0008,0.0352,0.003,0.0037,0.0029,0.0,0.0533
56,30300,0.0008,0.0357,0.003,0.0037,0.0034,0.0,0.0531
56,30400,0.0008,0.036,0.003,0.0038,0.0037,0.0,0.053
56,30500,0.0008,0.0361,0.003,0.0039,0.0036,0.0,0.053
57,30600,0.0008,0.0374,0.0029,0.0049,0.0035,0.0,0.0528
57,30700,0.0008,0.0364,0.0029,0.0044,0.0034,0.0,0.0524
57,30800,0.0008,0.0361,0.0029,0.0043,0.0032,0.0,0.0524
57,30900,0.0008,0.0358,0.0029,0.0041,0.0033,0.0,0.0523
57,31000,0.0008,0.0358,0.0029,0.0041,0.0035,0.0,0.0521
57,31100,0.0008,0.0356,0.0029,0.004,0.0035,0.0,0.0519
58,31200,0.0008,0.0337,0.0027,0.0035,0.0028,0.0,0.0509
58,31300,0.0008,0.034,0.0028,0.0036,0.0028,0.0,0.0514
58,31400,0.0008,0.0341,0.0027,0.0035,0.0031,0.0,0.0513
58,31500,0.0008,0.0341,0.0027,0.0035,0.0031,0.0,0.0513
58,31600,0.0008,0.0342,0.0027,0.0036,0.003,0.0,0.0513
59,31700,0.0008,0.0349,0.0029,0.0041,0.0023,0.0,0.0527
59,31800,0.0008,0.035,0.0029,0.0043,0.0022,0.0,0.0523
59,31900,0.0008,0.0355,0.0029,0.0046,0.0023,0.0,0.0524
59,32000,0.0008,0.0363,0.0029,0.005,0.0023,0.0,0.0528
59,32100,0.0008,0.0368,0.003,0.0052,0.0023,0.0,0.053
59,32200,0.0008,0.0373,0.003,0.0055,0.0024,0.0,0.0531
60,32300,0.0008,0.037,0.0031,0.0052,0.0022,0.0,0.0536
60,32400,0.0008,0.0365,0.0031,0.0049,0.0023,0.0,0.0533
60,32500,0.0008,0.036,0.003,0.0046,0.0025,0.0,0.0527
60,32600,0.0008,0.0354,0.0029,0.0044,0.0026,0.0,0.0521
60,32700,0.0008,0.0355,0.0028,0.0044,0.003,0.0,0.0517
61,32800,0.0008,0.0328,0.0025,0.0031,0.0038,0.0,0.0483
61,32900,0.0008,0.0326,0.0025,0.0032,0.0035,0.0,0.0482
61,33000,0.0008,0.0325,0.0025,0.0032,0.0036,0.0,0.0479
61,33100,0.0008,0.0325,0.0025,0.0033,0.0036,0.0,0.0478
61,33200,0.0008,0.0328,0.0025,0.0034,0.0037,0.0,0.0477
61,33300,0.0008,0.033,0.0024,0.0035,0.0038,0.0,0.0477
62,33400,0.0008,0.0339,0.0024,0.0036,0.0049,0.0,0.0469
62,33500,0.0008,0.0329,0.0023,0.0035,0.0044,0.0,0.0463
62,33600,0.0008,0.0321,0.0023,0.0033,0.0041,0.0,0.0458
62,33700,0.0008,0.032,0.0023,0.0034,0.0039,0.0,0.0458
62,33800,0.0008,0.0319,0.0023,0.0034,0.0036,0.0,0.046
63,33900,0.0008,0.0299,0.0023,0.0031,0.0024,0.0,0.0456
63,34000,0.0008,0.0298,0.0023,0.003,0.0022,0.0,0.046
63,34100,0.0008,0.0307,0.0023,0.0034,0.0022,0.0,0.0463
63,34200,0.0008,0.0324,0.0024,0.0044,0.0022,0.0,0.0471
63,34300,0.0008,0.0335,0.0025,0.0049,0.0022,0.0,0.0476
64,34400,0.0008,0.0318,0.0025,0.0042,0.0016,0.0,0.0478
64,34500,0.0008,0.0326,0.0025,0.0041,0.002,0.0,0.0486
64,34600,0.0008,0.0318,0.0025,0.0038,0.002,0.0,0.048
64,34700,0.0008,0.0316,0.0025,0.0037,0.002,0.0,0.0477
64,34800,0.0008,0.0314,0.0025,0.0037,0.002,0.0,0.0475
64,34900,0.0008,0.0313,0.0025,0.0037,0.002,0.0,0.0474
65,35000,0.0008,0.03,0.0023,0.0032,0.0021,0.0,0.046
65,35100,0.0008,0.0295,0.0023,0.003,0.0021,0.0,0.0457
65,35200,0.0008,0.0294,0.0023,0.0029,0.0022,0.0,0.0456
65,35300,0.0008,0.0297,0.0023,0.0029,0.0026,0.0,0.0455
65,35400,0.0008,0.03,0.0023,0.0029,0.003,0.0,0.0451
66,35500,0.0008,0.0306,0.0021,0.0028,0.0051,0.0,0.0427
66,35600,0.0008,0.0303,0.0021,0.0026,0.0051,0.0,0.0423
66,35700,0.0008,0.0294,0.002,0.0026,0.0045,0.0,0.0417
66,35800,0.0008,0.029,0.002,0.0026,0.0041,0.0,0.0416
66,35900,0.0008,0.0287,0.002,0.0026,0.0039,0.0,0.0416
66,36000,0.0008,0.0286,0.002,0.0026,0.0037,0.0,0.0417
67,36100,0.0008,0.0279,0.002,0.0028,0.0023,0.0,0.0428
67,36200,0.0008,0.0283,0.002,0.0031,0.0021,0.0,0.043
67,36300,0.0008,0.0287,0.0021,0.0033,0.0021,0.0,0.0431
67,36400,0.0008,0.0304,0.0021,0.0042,0.0022,0.0,0.0437
67,36500,0.0008,0.0316,0.0022,0.0048,0.0022,0.0,0.0443
68,36600,0.0008,0.0325,0.0023,0.005,0.002,0.0,0.0459
68,36700,0.0008,0.0305,0.0022,0.0039,0.0021,0.0,0.0449
68,36800,0.0008,0.03,0.0022,0.0036,0.0021,0.0,0.0445
68,36900,0.0008,0.0298,0.0022,0.0036,0.0022,0.0,0.0442
68,37000,0.0008,0.0298,0.0021,0.0036,0.0023,0.0,0.0439
68,37100,0.0008,0.0295,0.0021,0.0035,0.0023,0.0,0.0436
69,37200,0.0008,0.0271,0.002,0.0027,0.0019,0.0,0.042
69,37300,0.0008,0.0271,0.002,0.0027,0.0019,0.0,0.042
69,37400,0.0008,0.0269,0.002,0.0026,0.0019,0.0,0.0418
69,37500,0.0008,0.0268,0.002,0.0026,0.0019,0.0,0.0418
69,37600,0.0008,0.0268,0.002,0.0026,0.0019,0.0,0.0417
70,37700,0.0008,0.0264,0.002,0.0025,0.0019,0.0,0.0413
70,37800,0.0008,0.0259,0.002,0.0024,0.0018,0.0,0.041
70,37900,0.0008,0.0258,0.0019,0.0023,0.0018,0.0,0.0408
70,38000,0.0008,0.0258,0.0019,0.0024,0.0018,0.0,0.0407
70,38100,0.0008,0.0259,0.0019,0.0024,0.0019,0.0,0.0407
70,38200,0.0008,0.0266,0.0019,0.0025,0.0026,0.0,0.0405
71,38300,0.0008,0.0294,0.0018,0.0026,0.0061,0.0,0.0388
71,38400,0.0008,0.0288,0.0018,0.0025,0.0058,0.0,0.0385
71,38500,0.0008,0.028,0.0018,0.0025,0.005,0.0,0.0384
71,38600,0.0008,0.0285,0.0018,0.003,0.0046,0.0,0.0386
71,38700,0.0008,0.03,0.0018,0.004,0.0044,0.0,0.0392
72,38800,0.0008,0.0294,0.0018,0.0043,0.003,0.0,0.0397
72,38900,0.0008,0.03,0.0019,0.0048,0.0025,0.0,0.0405
72,39000,0.0008,0.0295,0.0019,0.0044,0.0024,0.0,0.0406
72,39100,0.0008,0.0291,0.0019,0.0042,0.0024,0.0,0.0407
72,39200,0.0008,0.0286,0.0018,0.004,0.0023,0.0,0.0405
72,39300,0.0008,0.0283,0.0018,0.0039,0.0022,0.0,0.0404
73,39400,0.0008,0.0267,0.0018,0.0031,0.0018,0.0,0.0402
73,39500,0.0008,0.0261,0.0018,0.0029,0.0018,0.0,0.0399
73,39600,0.0008,0.0257,0.0018,0.0028,0.0017,0.0,0.0396
73,39700,0.0008,0.0255,0.0018,0.0027,0.0017,0.0,0.0393
73,39800,0.0008,0.0254,0.0018,0.0027,0.0017,0.0,0.0392
74,39900,0.0008,0.0237,0.0017,0.0021,0.0014,0.0,0.0381
74,40000,0.0008,0.0238,0.0017,0.0021,0.0015,0.0,0.0381
74,40100,0.0008,0.0238,0.0017,0.0021,0.0015,0.0,0.0382
74,40200,0.0008,0.0239,0.0017,0.0022,0.0015,0.0,0.0381
74,40300,0.0008,0.024,0.0017,0.0022,0.0015,0.0,0.0381
74,40400,0.0008,0.0241,0.0017,0.0022,0.0016,0.0,0.0382
75,40500,0.0008,0.0249,0.0017,0.0022,0.0022,0.0,0.0384
75,40600,0.0008,0.0255,0.0017,0.0022,0.0031,0.0,0.038
75,40700,0.0008,0.0259,0.0017,0.0022,0.0034,0.0,0.0382
75,40800,0.0008,0.0262,0.0017,0.0023,0.0037,0.0,0.038
75,40900,0.0008,0.0263,0.0017,0.0024,0.0037,0.0,0.0378
76,41000,0.0008,0.0313,0.0017,0.006,0.003,0.0,0.0383
76,41100,0.0008,0.0319,0.0018,0.0064,0.0026,0.0,0.0393
76,41200,0.0008,0.0311,0.0018,0.006,0.0024,0.0,0.0391
76,41300,0.0008,0.0305,0.0017,0.0058,0.0024,0.0,0.0389
76,41400,0.0008,0.0299,0.0017,0.0055,0.0023,0.0,0.0388
77,41500,0.0008,0.0269,0.0017,0.0038,0.0021,0.0,0.0379
77,41600,0.0008,0.0264,0.0016,0.0033,0.003,0.0,0.0368
77,41700,0.0008,0.0261,0.0015,0.0032,0.0031,0.0,0.0364
77,41800,0.0008,0.0255,0.0015,0.003,0.0028,0.0,0.0363
77,41900,0.0008,0.025,0.0015,0.0029,0.0026,0.0,0.0362
77,42000,0.0008,0.0247,0.0015,0.0028,0.0024,0.0,0.036
78,42100,0.0008,0.0226,0.0015,0.0021,0.0017,0.0,0.0354
78,42200,0.0008,0.0225,0.0015,0.0021,0.0016,0.0,0.0354
78,42300,0.0008,0.0224,0.0015,0.0021,0.0016,0.0,0.0354
78,42400,0.0008,0.0224,0.0015,0.002,0.0016,0.0,0.0354
78,42500,0.0008,0.0224,0.0015,0.0021,0.0016,0.0,0.0353
79,42600,0.0008,0.0223,0.0015,0.0019,0.0014,0.0,0.0359
79,42700,0.0008,0.022,0.0015,0.002,0.0014,0.0,0.0352
79,42800,0.0008,0.0219,0.0015,0.0019,0.0014,0.0,0.0351
79,42900,0.0008,0.0219,0.0015,0.002,0.0014,0.0,0.035
79,43000,0.0008,0.0223,0.0015,0.0021,0.0014,0.0,0.0352
79,43100,0.0008,0.0227,0.0015,0.0023,0.0015,0.0,0.0355
80,43200,0.0008,0.0261,0.0016,0.004,0.0015,0.0,0.0369
80,43300,0.0008,0.0273,0.0016,0.0047,0.0016,0.0,0.0372
80,43400,0.0008,0.0274,0.0016,0.0047,0.0015,0.0,0.0374
80,43500,0.0008,0.0269,0.0016,0.0044,0.0016,0.0,0.0372
80,43600,0.0008,0.0267,0.0016,0.0043,0.0016,0.0,0.037
81,43700,0.0008,0.0253,0.0014,0.0035,0.0024,0.0,0.0352
81,43800,0.0008,0.0244,0.0014,0.0028,0.0027,0.0,0.0349
81,43900,0.0008,0.0251,0.0014,0.0026,0.0038,0.0,0.0346
81,44000,0.0008,0.025,0.0014,0.0025,0.0041,0.0,0.0342
81,44100,0.0008,0.0248,0.0014,0.0025,0.004,0.0,0.034
81,44200,0.0008,0.0245,0.0014,0.0025,0.0037,0.0,0.034
82,44300,0.0008,0.0222,0.0014,0.002,0.0021,0.0,0.034
82,44400,0.0008,0.0216,0.0014,0.0019,0.002,0.0,0.0335
82,44500,0.0008,0.0216,0.0014,0.0019,0.002,0.0,0.0334
82,44600,0.0008,0.0215,0.0013,0.0019,0.0019,0.0,0.0333
82,44700,0.0008,0.0214,0.0013,0.0019,0.0019,0.0,0.0332
83,44800,0.0008,0.0215,0.0013,0.0018,0.0022,0.0,0.0332
83,44900,0.0008,0.0214,0.0013,0.0017,0.002,0.0,0.0334
83,45000,0.0008,0.022,0.0014,0.0021,0.0019,0.0,0.0338
83,45100,0.0008,0.023,0.0014,0.0027,0.0018,0.0,0.0342
83,45200,0.0008,0.0238,0.0014,0.0031,0.0017,0.0,0.0345
83,45300,0.0008,0.024,0.0014,0.0033,0.0017,0.0,0.0347
84,45400,0.0008,0.0252,0.0015,0.004,0.0014,0.0,0.0355
84,45500,0.0008,0.0254,0.0015,0.0041,0.0014,0.0,0.0354
84,45600,0.0008,0.0249,0.0015,0.0039,0.0014,0.0,0.0353
84,45700,0.0008,0.0243,0.0015,0.0036,0.0014,0.0,0.0349
84,45800,0.0008,0.0238,0.0015,0.0033,0.0014,0.0,0.0347
85,45900,0.0008,0.0213,0.0014,0.0021,0.0014,0.0,0.0333
85,46000,0.0008,0.021,0.0014,0.002,0.0014,0.0,0.0331
85,46100,0.0008,0.0208,0.0013,0.002,0.0013,0.0,0.0329
85,46200,0.0008,0.0208,0.0013,0.0019,0.0013,0.0,0.0328
85,46300,0.0008,0.0207,0.0013,0.0019,0.0014,0.0,0.0327
85,46400,0.0008,0.0207,0.0013,0.002,0.0014,0.0,0.0326
86,46500,0.0008,0.0201,0.0013,0.0017,0.0013,0.0,0.0322
86,46600,0.0008,0.02,0.0013,0.0017,0.0013,0.0,0.0321
86,46700,0.0008,0.02,0.0013,0.0017,0.0013,0.0,0.032
86,46800,0.0008,0.02,0.0013,0.0018,0.0013,0.0,0.032
86,46900,0.0008,0.02,0.0013,0.0018,0.0014,0.0,0.032
87,47000,0.0008,0.0199,0.0013,0.0016,0.0013,0.0,0.0321
87,47100,0.0008,0.0205,0.0013,0.0016,0.0021,0.0,0.032
87,47200,0.0008,0.0223,0.0013,0.0017,0.0038,0.0,0.0317
87,47300,0.0008,0.0229,0.0013,0.0018,0.0044,0.0,0.0315
87,47400,0.0008,0.0229,0.0012,0.0018,0.0046,0.0,0.0312
87,47500,0.0008,0.0229,0.0012,0.0019,0.0043,0.0,0.0312
88,47600,0.0008,0.0272,0.0013,0.0056,0.0022,0.0,0.0333
88,47700,0.0008,0.027,0.0013,0.0054,0.0021,0.0,0.0333
88,47800,0.0008,0.0259,0.0013,0.0048,0.002,0.0,0.0331
88,47900,0.0008,0.0251,0.0013,0.0044,0.002,0.0,0.0327
88,48000,0.0008,0.0246,0.0013,0.0042,0.002,0.0,0.0325
89,48100,0.0008,0.0218,0.0012,0.0029,0.0019,0.0,0.031
89,48200,0.0008,0.0211,0.0012,0.0026,0.0018,0.0,0.031
89,48300,0.0008,0.0207,0.0012,0.0024,0.0016,0.0,0.0309
89,48400,0.0008,0.0206,0.0012,0.0023,0.0017,0.0,0.0309
89,48500,0.0008,0.0204,0.0012,0.0022,0.0017,0.0,0.0308
90,48600,0.0008,0.0191,0.0011,0.0017,0.0015,0.0,0.0299
90,48700,0.0008,0.0188,0.0011,0.0016,0.0014,0.0,0.0299
90,48800,0.0008,0.0188,0.0011,0.0016,0.0014,0.0,0.0299
90,48900,0.0008,0.0188,0.0011,0.0016,0.0014,0.0,0.0299
90,49000,0.0008,0.0188,0.0011,0.0016,0.0013,0.0,0.0299
90,49100,0.0008,0.0187,0.0011,0.0016,0.0013,0.0,0.0299
91,49200,0.0008,0.0185,0.0011,0.0016,0.0012,0.0,0.0298
91,49300,0.0008,0.0186,0.0011,0.0015,0.0014,0.0,0.0297
91,49400,0.0008,0.0189,0.0011,0.0015,0.0017,0.0,0.0297
91,49500,0.0008,0.0194,0.0011,0.0015,0.0021,0.0,0.0297
91,49600,0.0008,0.0198,0.0011,0.0016,0.0025,0.0,0.0297
92,49700,0.0008,0.0188,0.0011,0.0014,0.0021,0.0,0.0292
92,49800,0.0008,0.019,0.0011,0.0016,0.0019,0.0,0.0293
92,49900,0.0008,0.0193,0.0011,0.0018,0.0018,0.0,0.0295
92,50000,0.0008,0.021,0.0011,0.0028,0.0018,0.0,0.03
92,50100,0.0008,0.0226,0.0012,0.0037,0.0018,0.0,0.0306
92,50200,0.0008,0.0227,0.0012,0.0037,0.0017,0.0,0.0306
93,50300,0.0008,0.0201,0.0011,0.0025,0.0013,0.0,0.0299
93,50400,0.0008,0.0197,0.0011,0.0024,0.0013,0.0,0.0297
93,50500,0.0008,0.0197,0.0011,0.0023,0.0013,0.0,0.0298
93,50600,0.0008,0.0197,0.0011,0.0023,0.0013,0.0,0.0299
93,50700,0.0008,0.0196,0.0011,0.0022,0.0013,0.0,0.0298
94,50800,0.0008,0.0182,0.0011,0.0016,0.0011,0.0,0.0295
94,50900,0.0008,0.018,0.0011,0.0015,0.001,0.0,0.0293
94,51000,0.0008,0.018,0.0011,0.0015,0.0011,0.0,0.0292
94,51100,0.0008,0.018,0.0011,0.0015,0.0011,0.0,0.0291
94,51200,0.0008,0.018,0.0011,0.0015,0.0011,0.0,0.0292
94,51300,0.0008,0.0181,0.0011,0.0016,0.0011,0.0,0.0291
95,51400,0.0008,0.0174,0.001,0.0014,0.0011,0.0,0.0285
95,51500,0.0008,0.0175,0.001,0.0014,0.0011,0.0,0.0286
95,51600,0.0008,0.0175,0.001,0.0014,0.0011,0.0,0.0285
95,51700,0.0008,0.0175,0.001,0.0014,0.0011,0.0,0.0285
95,51800,0.0008,0.0176,0.001,0.0014,0.0011,0.0,0.0285
96,51900,0.0008,0.0174,0.001,0.0014,0.0012,0.0,0.0279
96,52000,0.0008,0.0195,0.001,0.0015,0.0028,0.0,0.0288
96,52100,0.0008,0.0207,0.0011,0.0017,0.0038,0.0,0.0287
96,52200,0.0008,0.0225,0.0011,0.0026,0.0041,0.0,0.0289
96,52300,0.0008,0.0233,0.0011,0.0031,0.0039,0.0,0.0291
96,52400,0.0008,0.0234,0.001,0.0033,0.0039,0.0,0.029
97,52500,0.0008,0.0211,0.001,0.003,0.0025,0.0,0.0283
97,52600,0.0008,0.0209,0.001,0.003,0.0021,0.0,0.0284
97,52700,0.0008,0.0204,0.001,0.0028,0.002,0.0,0.0283
97,52800,0.0008,0.02,0.001,0.0027,0.0019,0.0,0.0282
97,52900,0.0008,0.02,0.001,0.0027,0.0018,0.0,0.0282
98,53000,0.0008,0.0194,0.001,0.0027,0.0013,0.0,0.028
98,53100,0.0008,0.0189,0.001,0.0024,0.0012,0.0,0.0281
98,53200,0.0008,0.0185,0.001,0.0022,0.0012,0.0,0.028
98,53300,0.0008,0.0183,0.001,0.0021,0.0012,0.0,0.0279
98,53400,0.0008,0.0182,0.001,0.002,0.0012,0.0,0.0279
98,53500,0.0008,0.0182,0.001,0.002,0.0012,0.0,0.0279
99,53600,0.0008,0.0174,0.001,0.0015,0.001,0.0,0.028
99,53700,0.0008,0.0174,0.001,0.0015,0.001,0.0,0.028
99,53800,0.0008,0.0172,0.001,0.0015,0.001,0.0,0.0279
99,53900,0.0008,0.0172,0.001,0.0015,0.001,0.0,0.0278
99,54000,0.0008,0.0172,0.001,0.0015,0.001,0.0,0.0277
100,54100,0.0008,0.0165,0.001,0.0013,0.001,0.0,0.0272
100,54200,0.0008,0.0166,0.001,0.0013,0.001,0.0,0.0273
100,54300,0.0008,0.0166,0.001,0.0013,0.001,0.0,0.0273
100,54400,0.0008,0.0166,0.001,0.0013,0.001,0.0,0.0272
100,54500,0.0008,0.0169,0.001,0.0014,0.0011,0.0,0.0274
100,54600,0.0008,0.0176,0.001,0.0014,0.0018,0.0,0.0274
101,54700,0.0008,0.0199,0.001,0.0014,0.0043,0.0,0.027
101,54800,0.0008,0.0188,0.0009,0.0014,0.0033,0.0,0.0267
101,54900,0.0008,0.0182,0.0009,0.0014,0.0028,0.0,0.0265
101,55000,0.0008,0.0179,0.0009,0.0014,0.0026,0.0,0.0264
101,55100,0.0008,0.0177,0.0009,0.0014,0.0024,0.0,0.0263
102,55200,0.0008,0.0169,0.0009,0.0014,0.0016,0.0,0.0264
102,55300,0.0008,0.017,0.0009,0.0014,0.0016,0.0,0.0265
102,55400,0.0008,0.0168,0.0009,0.0014,0.0015,0.0,0.0264
102,55500,0.0008,0.0168,0.0009,0.0014,0.0014,0.0,0.0264
102,55600,0.0008,0.0168,0.0009,0.0014,0.0014,0.0,0.0264
103,55700,0.0008,0.0171,0.0009,0.0016,0.0018,0.0,0.0258
103,55800,0.0008,0.0203,0.0009,0.0032,0.0017,0.0,0.0274
103,55900,0.0008,0.0233,0.001,0.0049,0.0018,0.0,0.0282
103,56000,0.0008,0.0237,0.001,0.0052,0.0016,0.0,0.0284
103,56100,0.0008,0.0233,0.001,0.005,0.0016,0.0,0.0283
103,56200,0.0008,0.0226,0.001,0.0047,0.0015,0.0,0.0281
104,56300,0.0008,0.0178,0.0009,0.0022,0.001,0.0,0.0267
104,56400,0.0008,0.0173,0.0009,0.002,0.001,0.0,0.0266
104,56500,0.0008,0.0171,0.0009,0.0019,0.001,0.0,0.0264
104,56600,0.0008,0.0169,0.0009,0.0018,0.001,0.0,0.0263
104,56700,0.0008,0.0168,0.0009,0.0018,0.001,0.0,0.0263
105,56800,0.0008,0.0166,0.0009,0.0017,0.0009,0.0,0.0261
105,56900,0.0008,0.0164,0.0009,0.0015,0.001,0.0,0.0261
105,57000,0.0008,0.0161,0.0009,0.0014,0.001,0.0,0.0258
105,57100,0.0008,0.016,0.0009,0.0014,0.001,0.0,0.0257
105,57200,0.0008,0.016,0.0009,0.0014,0.001,0.0,0.0258
105,57300,0.0008,0.0161,0.0009,0.0014,0.001,0.0,0.0258
106,57400,0.0008,0.0169,0.0009,0.0014,0.0017,0.0,0.0262
106,57500,0.0008,0.0179,0.0009,0.0014,0.0025,0.0,0.0263
106,57600,0.0008,0.0181,0.0009,0.0017,0.0023,0.0,0.0263
106,57700,0.0008,0.0179,0.0009,0.0017,0.0022,0.0,0.0262
106,57800,0.0008,0.0177,0.0009,0.0017,0.002,0.0,0.0261
107,57900,0.0008,0.0162,0.0009,0.0014,0.0011,0.0,0.0259
107,58000,0.0008,0.0165,0.0008,0.0015,0.0015,0.0,0.0256
107,58100,0.0008,0.0167,0.0008,0.0014,0.0017,0.0,0.0255
107,58200,0.0008,0.0169,0.0008,0.0014,0.0019,0.0,0.0256
107,58300,0.0008,0.0167,0.0008,0.0014,0.0018,0.0,0.0255
107,58400,0.0008,0.0167,0.0008,0.0014,0.0018,0.0,0.0254
108,58500,0.0008,0.0164,0.0008,0.0012,0.002,0.0,0.025
108,58600,0.0008,0.0161,0.0008,0.0012,0.0017,0.0,0.0251
108,58700,0.0008,0.016,0.0008,0.0012,0.0015,0.0,0.0251
108,58800,0.0008,0.0166,0.0008,0.0016,0.0015,0.0,0.0253
108,58900,0.0008,0.0179,0.0009,0.0024,0.0014,0.0,0.0257
109,59000,0.0008,0.0193,0.0009,0.0032,0.0011,0.0,0.0266
109,59100,0.0008,0.0188,0.0009,0.003,0.001,0.0,0.0265
109,59200,0.0008,0.0183,0.0009,0.0028,0.001,0.0,0.0262
109,59300,0.0008,0.018,0.0009,0.0026,0.001,0.0,0.0261
109,59400,0.0008,0.0177,0.0009,0.0024,0.001,0.0,0.026
109,59500,0.0008,0.0175,0.0009,0.0023,0.001,0.0,0.0259
110,59600,0.0008,0.0156,0.0008,0.0014,0.0011,0.0,0.0249
110,59700,0.0008,0.0158,0.0008,0.0015,0.0011,0.0,0.0249
110,59800,0.0008,0.016,0.0008,0.0014,0.0013,0.0,0.0251
110,59900,0.0008,0.0161,0.0008,0.0014,0.0013,0.0,0.0252
110,60000,0.0008,0.016,0.0008,0.0014,0.0013,0.0,0.0252
111,60100,0.0008,0.0156,0.0008,0.0013,0.0012,0.0,0.0249
111,60200,0.0008,0.0152,0.0008,0.0012,0.0011,0.0,0.0246
111,60300,0.0008,0.0151,0.0008,0.0012,0.001,0.0,0.0245
111,60400,0.0008,0.0151,0.0008,0.0012,0.001,0.0,0.0246
111,60500,0.0008,0.0151,0.0008,0.0012,0.001,0.0,0.0245
111,60600,0.0008,0.0152,0.0008,0.0012,0.001,0.0,0.0246
112,60700,0.0008,0.0152,0.0008,0.0013,0.001,0.0,0.0245
112,60800,0.0008,0.0151,0.0008,0.0012,0.001,0.0,0.0244
112,60900,0.0008,0.015,0.0008,0.0012,0.001,0.0,0.0243
112,61000,0.0008,0.015,0.0008,0.0012,0.001,0.0,0.0243
112,61100,0.0008,0.015,0.0008,0.0012,0.001,0.0,0.0243
113,61200,0.0008,0.0148,0.0008,0.0012,0.0009,0.0,0.024
113,61300,0.0008,0.0148,0.0008,0.0012,0.001,0.0,0.0239
113,61400,0.0008,0.015,0.0008,0.0012,0.0012,0.0,0.024
113,61500,0.0008,0.0159,0.0008,0.0013,0.0019,0.0,0.0242
113,61600,0.0008,0.0165,0.0008,0.0013,0.0024,0.0,0.0243
114,61700,0.0008,0.0156,0.0008,0.0013,0.0015,0.0,0.0244
114,61800,0.0008,0.0153,0.0007,0.0012,0.0016,0.0,0.0236
114,61900,0.0008,0.0153,0.0007,0.0013,0.0016,0.0,0.0235
114,62000,0.0008,0.0152,0.0007,0.0013,0.0015,0.0,0.0235
114,62100,0.0008,0.0154,0.0007,0.0014,0.0015,0.0,0.0237
114,62200,0.0008,0.0153,0.0007,0.0014,0.0014,0.0,0.0237
115,62300,0.0008,0.015,0.0007,0.0013,0.0013,0.0,0.0234
115,62400,0.0008,0.0151,0.0007,0.0014,0.0012,0.0,0.0237
115,62500,0.0008,0.015,0.0007,0.0013,0.0012,0.0,0.0237
115,62600,0.0008,0.0163,0.0008,0.002,0.0012,0.0,0.024
115,62700,0.0008,0.018,0.0008,0.003,0.0012,0.0,0.0246
116,62800,0.0008,0.0204,0.0009,0.0042,0.0012,0.0,0.0258
116,62900,0.0008,0.0198,0.0008,0.0038,0.0018,0.0,0.0247
116,63000,0.0008,0.019,0.0008,0.0034,0.0015,0.0,0.0246
116,63100,0.0008,0.0192,0.0008,0.0033,0.0019,0.0,0.0245
116,63200,0.0008,0.019,0.0008,0.0032,0.0019,0.0,0.0245
116,63300,0.0008,0.0185,0.0008,0.003,0.0019,0.0,0.0243
117,63400,0.0008,0.0155,0.0007,0.0015,0.0014,0.0,0.0237
117,63500,0.0008,0.0152,0.0007,0.0014,0.0012,0.0,0.0235
117,63600,0.0008,0.015,0.0007,0.0014,0.0012,0.0,0.0235
117,63700,0.0008,0.0149,0.0007,0.0013,0.0012,0.0,0.0233
117,63800,0.0008,0.0148,0.0007,0.0013,0.0012,0.0,0.0233
118,63900,0.0008,0.0141,0.0007,0.0011,0.001,0.0,0.0231
118,64000,0.0008,0.0138,0.0007,0.001,0.0009,0.0,0.0228
118,64100,0.0008,0.0138,0.0007,0.001,0.0009,0.0,0.0229
118,64200,0.0008,0.0139,0.0007,0.001,0.0009,0.0,0.0231
118,64300,0.0008,0.014,0.0007,0.001,0.0009,0.0,0.0232
118,64400,0.0008,0.014,0.0007,0.001,0.0009,0.0,0.0233
119,64500,0.0008,0.0138,0.0007,0.0009,0.0008,0.0,0.0232
119,64600,0.0008,0.0139,0.0007,0.0009,0.0008,0.0,0.0233
119,64700,0.0008,0.0139,0.0007,0.0009,0.0008,0.0,0.0233
119,64800,0.0008,0.0139,0.0007,0.0009,0.0008,0.0,0.0233
119,64900,0.0008,0.014,0.0007,0.0009,0.0009,0.0,0.0232
120,65000,0.0008,0.016,0.0007,0.001,0.0027,0.0,0.0235
120,65100,0.0008,0.0167,0.0007,0.001,0.0034,0.0,0.0237
120,65200,0.0008,0.0165,0.0007,0.001,0.0032,0.0,0.0235
120,65300,0.0008,0.0163,0.0007,0.001,0.0031,0.0,0.0232
120,65400,0.0008,0.0161,0.0007,0.0011,0.0029,0.0,0.023
120,65500,0.0008,0.0159,0.0007,0.0011,0.0027,0.0,0.0229
121,65600,0.0008,0.0147,0.0007,0.0015,0.0012,0.0,0.0224
121,65700,0.0008,0.0151,0.0007,0.0017,0.0012,0.0,0.0225
121,65800,0.0008,0.0159,0.0007,0.0022,0.0012,0.0,0.0228
121,65900,0.0008,0.0167,0.0007,0.0026,0.0012,0.0,0.023
121,66000,0.0008,0.0172,0.0007,0.0029,0.0012,0.0,0.0232
122,66100,0.0008,0.0154,0.0007,0.002,0.0009,0.0,0.0229
122,66200,0.0008,0.0154,0.0007,0.002,0.0009,0.0,0.0229
122,66300,0.0008,0.0152,0.0007,0.0019,0.0008,0.0,0.0228
122,66400,0.0008,0.0149,0.0007,0.0018,0.0008,0.0,0.0227
122,66500,0.0008,0.0148,0.0007,0.0017,0.0008,0.0,0.0227
122,66600,0.0008,0.0146,0.0007,0.0016,0.0008,0.0,0.0226
123,66700,0.0008,0.0133,0.0007,0.0011,0.0008,0.0,0.022
123,66800,0.0008,0.0133,0.0007,0.001,0.0007,0.0,0.022
123,66900,0.0008,0.0133,0.0007,0.001,0.0008,0.0,0.022
123,67000,0.0008,0.0133,0.0007,0.001,0.0007,0.0,0.022
123,67100,0.0008,0.0133,0.0007,0.001,0.0007,0.0,0.022
124,67200,0.0008,0.0135,0.0007,0.0012,0.0008,0.0,0.022
124,67300,0.0008,0.0139,0.0007,0.0013,0.0008,0.0,0.0222
124,67400,0.0008,0.0136,0.0007,0.0012,0.0008,0.0,0.022
124,67500,0.0008,0.0135,0.0007,0.0011,0.0008,0.0,0.022
124,67600,0.0008,0.0134,0.0007,0.0011,0.0008,0.0,0.022
124,67700,0.0008,0.0134,0.0007,0.0011,0.0008,0.0,0.0219
125,67800,0.0008,0.0133,0.0006,0.001,0.0009,0.0,0.0218
125,67900,0.0008,0.0134,0.0006,0.001,0.0011,0.0,0.0217
125,68000,0.0008,0.0146,0.0007,0.001,0.0019,0.0,0.0222
125,68100,0.0008,0.0151,0.0007,0.0011,0.0023,0.0,0.0222
125,68200,0.0008,0.0152,0.0007,0.0011,0.0024,0.0,0.0222
126,68300,0.0008,0.018,0.0007,0.0027,0.0022,0.0,0.0234
126,68400,0.0008,0.0188,0.0007,0.0035,0.0018,0.0,0.0234
126,68500,0.0008,0.0188,0.0007,0.0036,0.0017,0.0,0.0234
126,68600,0.0008,0.0184,0.0007,0.0035,0.0016,0.0,0.0233
126,68700,0.0008,0.018,0.0007,0.0033,0.0015,0.0,0.0232
127,68800,0.0008,0.014,0.0006,0.0015,0.0007,0.0,0.022
127,68900,0.0008,0.0146,0.0007,0.0018,0.0009,0.0,0.0221
127,69000,0.0008,0.0143,0.0007,0.0016,0.0008,0.0,0.022
127,69100,0.0008,0.0142,0.0007,0.0015,0.0008,0.0,0.022
127,69200,0.0008,0.014,0.0007,0.0014,0.0008,0.0,0.022
127,69300,0.0008,0.0139,0.0007,0.0014,0.0008,0.0,0.0219
128,69400,0.0008,0.0131,0.0006,0.001,0.0007,0.0,0.0219
128,69500,0.0008,0.0129,0.0006,0.0009,0.0007,0.0,0.0217
128,69600,0.0008,0.013,0.0006,0.0009,0.0007,0.0,0.0218
128,69700,0.0008,0.0131,0.0006,0.0009,0.0007,0.0,0.0218
128,69800,0.0008,0.0131,0.0006,0.0009,0.0007,0.0,0.0219
129,69900,0.0008,0.0134,0.0006,0.0011,0.0008,0.0,0.022
129,70000,0.0008,0.0132,0.0006,0.001,0.0007,0.0,0.0219
129,70100,0.0008,0.0132,0.0006,0.001,0.0007,0.0,0.0219
129,70200,0.0008,0.0133,0.0006,0.001,0.0007,0.0,0.0221
129,70300,0.0008,0.0133,0.0006,0.001,0.0007,0.0,0.0221
129,70400,0.0008,0.0133,0.0006,0.001,0.0007,0.0,0.022
130,70500,0.0008,0.0128,0.0006,0.0009,0.0008,0.0,0.0213
130,70600,0.0008,0.0129,0.0006,0.0009,0.0008,0.0,0.0214
130,70700,0.0008,0.0129,0.0006,0.0009,0.0008,0.0,0.0214
130,70800,0.0008,0.013,0.0006,0.0009,0.0009,0.0,0.0214
130,70900,0.0008,0.0138,0.0006,0.0009,0.0016,0.0,0.0216
131,71000,0.0008,0.0135,0.0006,0.0008,0.0018,0.0,0.0208
131,71100,0.0008,0.0133,0.0006,0.0009,0.0016,0.0,0.0206
131,71200,0.0008,0.0134,0.0006,0.0009,0.0016,0.0,0.0207
131,71300,0.0008,0.0133,0.0006,0.0009,0.0015,0.0,0.0208
131,71400,0.0008,0.0132,0.0006,0.0009,0.0014,0.0,0.0207
131,71500,0.0008,0.0132,0.0006,0.0009,0.0014,0.0,0.0208
132,71600,0.0008,0.0128,0.0006,0.001,0.0009,0.0,0.0205
132,71700,0.0008,0.0128,0.0006,0.001,0.0009,0.0,0.0206
132,71800,0.0008,0.0127,0.0006,0.001,0.0009,0.0,0.0206
132,71900,0.0008,0.0127,0.0006,0.001,0.0009,0.0,0.0206
132,72000,0.0008,0.0128,0.0006,0.0011,0.0009,0.0,0.0207
133,72100,0.0008,0.024,0.0008,0.0072,0.001,0.0,0.0243
133,72200,0.0008,0.0213,0.0007,0.0057,0.0009,0.0,0.0237
133,72300,0.0008,0.0193,0.0007,0.0046,0.0008,0.0,0.0231
133,72400,0.0008,0.0181,0.0007,0.004,0.0008,0.0,0.0227
133,72500,0.0008,0.0172,0.0007,0.0035,0.0008,0.0,0.0224
133,72600,0.0008,0.0166,0.0007,0.0031,0.0008,0.0,0.0221
134,72700,0.0008,0.0132,0.0006,0.0013,0.0008,0.0,0.0208
134,72800,0.0008,0.0131,0.0006,0.0012,0.0008,0.0,0.0208
134,72900,0.0008,0.013,0.0006,0.0012,0.0007,0.0,0.0208
134,73000,0.0008,0.0129,0.0006,0.0011,0.0007,0.0,0.0208
134,73100,0.0008,0.0128,0.0006,0.0011,0.0007,0.0,0.0207
135,73200,0.0008,0.0124,0.0006,0.0009,0.0007,0.0,0.0206
135,73300,0.0008,0.0123,0.0006,0.0009,0.0007,0.0,0.0205
135,73400,0.0008,0.0123,0.0006,0.0009,0.0007,0.0,0.0204
135,73500,0.0008,0.0123,0.0006,0.0009,0.0008,0.0,0.0204
135,73600,0.0008,0.0126,0.0006,0.0009,0.001,0.0,0.0205
135,73700,0.0008,0.013,0.0006,0.0009,0.0014,0.0,0.0205
136,73800,0.0008,0.014,0.0006,0.0008,0.0025,0.0,0.0206
136,73900,0.0008,0.0145,0.0006,0.0008,0.0029,0.0,0.0206
136,74000,0.0008,0.0143,0.0006,0.001,0.0026,0.0,0.0205
136,74100,0.0008,0.0143,0.0006,0.0011,0.0024,0.0,0.0205
136,74200,0.0008,0.0144,0.0006,0.0013,0.0022,0.0,0.0205
137,74300,0.0008,0.0138,0.0006,0.0016,0.001,0.0,0.0207
137,74400,0.0008,0.014,0.0006,0.0018,0.0009,0.0,0.0206
137,74500,0.0008,0.0138,0.0006,0.0016,0.001,0.0,0.0206
137,74600,0.0008,0.0138,0.0006,0.0016,0.0011,0.0,0.0206
137,74700,0.0008,0.014,0.0006,0.0017,0.0011,0.0,0.0208
137,74800,0.0008,0.014,0.0006,0.0016,0.0011,0.0,0.0208
138,74900,0.0008,0.0127,0.0006,0.001,0.0009,0.0,0.0205
138,75000,0.0008,0.0125,0.0006,0.001,0.0008,0.0,0.0204
138,75100,0.0008,0.013,0.0006,0.0013,0.0008,0.0,0.0204
138,75200,0.0008,0.0137,0.0006,0.0017,0.0008,0.0,0.0207
138,75300,0.0008,0.0138,0.0006,0.0017,0.0008,0.0,0.0208
139,75400,0.0008,0.0133,0.0006,0.0015,0.0007,0.0,0.0207
139,75500,0.0008,0.0129,0.0006,0.0013,0.0007,0.0,0.0206
139,75600,0.0008,0.0127,0.0006,0.0012,0.0007,0.0,0.0205
139,75700,0.0008,0.0127,0.0006,0.0011,0.0007,0.0,0.0205
139,75800,0.0008,0.0126,0.0006,0.0011,0.0006,0.0,0.0206
140,75900,0.0008,0.0123,0.0005,0.0009,0.0007,0.0,0.0203
140,76000,0.0008,0.0121,0.0005,0.0009,0.0007,0.0,0.0202
140,76100,0.0008,0.0121,0.0005,0.0009,0.0007,0.0,0.0202
140,76200,0.0008,0.012,0.0005,0.0008,0.0006,0.0,0.0202
140,76300,0.0008,0.0121,0.0006,0.0009,0.0007,0.0,0.0202
140,76400,0.0008,0.0121,0.0005,0.0009,0.0007,0.0,0.0201
141,76500,0.0008,0.0118,0.0005,0.0008,0.0006,0.0,0.0199
141,76600,0.0008,0.0118,0.0005,0.0008,0.0006,0.0,0.02
141,76700,0.0008,0.0118,0.0005,0.0008,0.0006,0.0,0.0199
141,76800,0.0008,0.012,0.0005,0.0009,0.0007,0.0,0.0199
141,76900,0.0008,0.0123,0.0005,0.0009,0.0009,0.0,0.02
142,77000,0.0008,0.0126,0.0005,0.0008,0.0016,0.0,0.0194
142,77100,0.0008,0.0124,0.0005,0.0008,0.0012,0.0,0.0198
142,77200,0.0008,0.0123,0.0005,0.0008,0.0012,0.0,0.0198
142,77300,0.0008,0.0127,0.0005,0.0009,0.0014,0.0,0.0198
142,77400,0.0008,0.0134,0.0005,0.0012,0.0016,0.0,0.02
142,77500,0.0008,0.0145,0.0006,0.0016,0.0019,0.0,0.0203
143,77600,0.0008,0.0179,0.0006,0.0038,0.0014,0.0,0.0214
143,77700,0.0008,0.0167,0.0006,0.0032,0.0013,0.0,0.021
143,77800,0.0008,0.0158,0.0006,0.0028,0.0012,0.0,0.0207
143,77900,0.0008,0.015,0.0006,0.0024,0.0012,0.0,0.0205
143,78000,0.0008,0.0145,0.0006,0.0021,0.0011,0.0,0.0203
144,78100,0.0008,0.0126,0.0005,0.0013,0.0007,0.0,0.0198
144,78200,0.0008,0.0122,0.0005,0.0012,0.0007,0.0,0.0195
144,78300,0.0008,0.0121,0.0005,0.0011,0.0007,0.0,0.0195
144,78400,0.0008,0.0121,0.0005,0.0011,0.0007,0.0,0.0195
144,78500,0.0008,0.012,0.0005,0.001,0.0007,0.0,0.0196
144,78600,0.0008,0.012,0.0005,0.001,0.0007,0.0,0.0196
145,78700,0.0008,0.0116,0.0005,0.0008,0.0006,0.0,0.0196
145,78800,0.0008,0.0119,0.0005,0.0009,0.0006,0.0,0.0197
145,78900,0.0008,0.0119,0.0005,0.0009,0.0006,0.0,0.0198
145,79000,0.0008,0.0118,0.0005,0.0009,0.0006,0.0,0.0198
145,79100,0.0008,0.0118,0.0005,0.0009,0.0006,0.0,0.0197
146,79200,0.0008,0.0114,0.0005,0.0007,0.0006,0.0,0.0193
146,79300,0.0008,0.0115,0.0005,0.0007,0.0006,0.0,0.0195
146,79400,0.0008,0.0114,0.0005,0.0007,0.0006,0.0,0.0195
146,79500,0.0008,0.0115,0.0005,0.0007,0.0006,0.0,0.0195
146,79600,0.0008,0.0115,0.0005,0.0007,0.0006,0.0,0.0195
146,79700,0.0008,0.0115,0.0005,0.0007,0.0006,0.0,0.0195
147,79800,0.0008,0.0112,0.0005,0.0007,0.0007,0.0,0.019
147,79900,0.0008,0.0112,0.0005,0.0007,0.0006,0.0,0.019
147,80000,0.0008,0.0113,0.0005,0.0007,0.0007,0.0,0.019
147,80100,0.0008,0.0121,0.0005,0.0007,0.0013,0.0,0.0192
147,80200,0.0008,0.0125,0.0005,0.0008,0.0017,0.0,0.0193
148,80300,0.0008,0.0134,0.0005,0.0008,0.0023,0.0,0.0197
148,80400,0.0008,0.0128,0.0005,0.0008,0.002,0.0,0.0191
148,80500,0.0008,0.0127,0.0005,0.0008,0.002,0.0,0.019
148,80600,0.0008,0.0125,0.0005,0.0008,0.0018,0.0,0.0189
148,80700,0.0008,0.0125,0.0005,0.0009,0.0017,0.0,0.0188
148,80800,0.0008,0.0124,0.0005,0.0009,0.0016,0.0,0.0188
149,80900,0.0008,0.0127,0.0005,0.0015,0.0009,0.0,0.019
149,81000,0.0008,0.0154,0.0005,0.003,0.0009,0.0,0.0199
149,81100,0.0008,0.0158,0.0006,0.0032,0.0009,0.0,0.0202
149,81200,0.0008,0.0158,0.0006,0.0032,0.0008,0.0,0.0202
149,81300,0.0008,0.0155,0.0006,0.0031,0.0008,0.0,0.0201
150,81400,0.0008,0.0132,0.0005,0.0018,0.0006,0.0,0.0196
150,81500,0.0008,0.0129,0.0005,0.0017,0.0006,0.0,0.0196
150,81600,0.0008,0.0132,0.0005,0.0018,0.0006,0.0,0.0196
150,81700,0.0008,0.0129,0.0005,0.0017,0.0006,0.0,0.0196
150,81800,0.0008,0.0127,0.0005,0.0016,0.0006,0.0,0.0195
150,81900,0.0008,0.0125,0.0005,0.0015,0.0006,0.0,0.0194
151,82000,0.0008,0.0113,0.0005,0.0008,0.0006,0.0,0.0189
151,82100,0.0008,0.0112,0.0005,0.0008,0.0006,0.0,0.0189
151,82200,0.0008,0.0112,0.0005,0.0008,0.0006,0.0,0.0188
151,82300,0.0008,0.0111,0.0005,0.0008,0.0005,0.0,0.0188
151,82400,0.0008,0.0112,0.0005,0.0008,0.0006,0.0,0.0189
152,82500,0.0008,0.0109,0.0005,0.0007,0.0006,0.0,0.0186
152,82600,0.0008,0.0109,0.0005,0.0007,0.0005,0.0,0.0187
152,82700,0.0008,0.0109,0.0005,0.0007,0.0005,0.0,0.0186
152,82800,0.0008,0.0109,0.0005,0.0007,0.0006,0.0,0.0187
152,82900,0.0008,0.011,0.0005,0.0007,0.0006,0.0,0.0188
153,83000,0.0008,0.0112,0.0005,0.0006,0.0006,0.0,0.0193
153,83100,0.0008,0.011,0.0005,0.0006,0.0006,0.0,0.0188
153,83200,0.0008,0.0109,0.0005,0.0006,0.0006,0.0,0.0187
153,83300,0.0008,0.011,0.0005,0.0006,0.0006,0.0,0.0187
153,83400,0.0008,0.011,0.0005,0.0006,0.0006,0.0,0.0187
153,83500,0.0008,0.011,0.0005,0.0006,0.0006,0.0,0.0188
154,83600,0.0008,0.0109,0.0005,0.0007,0.0007,0.0,0.0186
154,83700,0.0008,0.011,0.0005,0.0007,0.0007,0.0,0.0185
154,83800,0.0008,0.0115,0.0005,0.0007,0.0011,0.0,0.0186
154,83900,0.0008,0.012,0.0005,0.0007,0.0015,0.0,0.0189
154,84000,0.0008,0.0121,0.0005,0.0007,0.0016,0.0,0.0189
155,84100,0.000793,0.0119,0.0005,0.0007,0.0015,0.0,0.0187
155,84200,0.000787,0.0116,0.0005,0.0007,0.0012,0.0,0.0187
155,84300,0.00078,0.0116,0.0005,0.0008,0.0011,0.0,0.0185
155,84400,0.000774,0.0119,0.0005,0.0008,0.0013,0.0,0.0186
155,84500,0.000767,0.0118,0.0005,0.0008,0.0013,0.0,0.0186
155,84600,0.000761,0.0118,0.0005,0.0008,0.0013,0.0,0.0186
156,84700,0.000755,0.012,0.0005,0.0012,0.0008,0.0,0.0188
156,84800,0.000749,0.0118,0.0005,0.0011,0.0007,0.0,0.0188
156,84900,0.000742,0.0125,0.0005,0.0015,0.0007,0.0,0.0191
156,85000,0.000736,0.0136,0.0005,0.0021,0.0007,0.0,0.0195
156,85100,0.00073,0.0139,0.0005,0.0022,0.0007,0.0,0.0196
157,85200,0.000724,0.0129,0.0005,0.0016,0.0006,0.0,0.0197
157,85300,0.000718,0.0131,0.0005,0.0018,0.0006,0.0,0.0197
157,85400,0.000712,0.0126,0.0005,0.0015,0.0006,0.0,0.0194
157,85500,0.000706,0.0123,0.0005,0.0014,0.0006,0.0,0.0193
157,85600,0.0007,0.012,0.0005,0.0013,0.0006,0.0,0.0192
157,85700,0.000695,0.0119,0.0005,0.0012,0.0006,0.0,0.0191
158,85800,0.000689,0.011,0.0005,0.0008,0.0005,0.0,0.0187
158,85900,0.000683,0.0108,0.0005,0.0007,0.0005,0.0,0.0186
158,86000,0.000677,0.0108,0.0005,0.0007,0.0005,0.0,0.0186
158,86100,0.000672,0.0108,0.0005,0.0007,0.0005,0.0,0.0185
158,86200,0.000666,0.0108,0.0005,0.0007,0.0005,0.0,0.0185
159,86300,0.000661,0.0107,0.0005,0.0006,0.0005,0.0,0.0186
159,86400,0.000655,0.0107,0.0005,0.0006,0.0005,0.0,0.0185
159,86500,0.00065,0.0106,0.0005,0.0006,0.0005,0.0,0.0184
159,86600,0.000644,0.0106,0.0005,0.0006,0.0005,0.0,0.0184
159,86700,0.000639,0.0106,0.0005,0.0006,0.0005,0.0,0.0184
159,86800,0.000634,0.0105,0.0005,0.0006,0.0005,0.0,0.0183
160,86900,0.000629,0.0103,0.0005,0.0005,0.0005,0.0,0.0181
160,87000,0.000623,0.0103,0.0005,0.0005,0.0005,0.0,0.018
160,87100,0.000618,0.0103,0.0005,0.0005,0.0005,0.0,0.018
160,87200,0.000613,0.0103,0.0005,0.0005,0.0005,0.0,0.018
160,87300,0.000608,0.0103,0.0005,0.0005,0.0005,0.0,0.018
161,87400,0.000603,0.0101,0.0004,0.0005,0.0005,0.0,0.0177
161,87500,0.000598,0.0102,0.0004,0.0005,0.0005,0.0,0.0178
161,87600,0.000593,0.0102,0.0004,0.0005,0.0005,0.0,0.0178
161,87700,0.000588,0.0102,0.0004,0.0005,0.0005,0.0,0.0178
161,87800,0.000583,0.0102,0.0005,0.0005,0.0005,0.0,0.0178
161,87900,0.000578,0.0102,0.0004,0.0005,0.0005,0.0,0.0178
162,88000,0.000574,0.0102,0.0004,0.0005,0.0005,0.0,0.0177
162,88100,0.000569,0.0103,0.0005,0.0005,0.0005,0.0,0.0179
162,88200,0.000564,0.0103,0.0005,0.0005,0.0005,0.0,0.0179
162,88300,0.000559,0.0103,0.0005,0.0005,0.0005,0.0,0.0179
162,88400,0.000555,0.0104,0.0005,0.0006,0.0005,0.0,0.0179
163,88500,0.00055,0.0113,0.0005,0.001,0.0005,0.0,0.0185
163,88600,0.000546,0.011,0.0005,0.0009,0.0005,0.0,0.0183
163,88700,0.000541,0.0109,0.0005,0.0009,0.0005,0.0,0.0182
163,88800,0.000537,0.0109,0.0005,0.0009,0.0005,0.0,0.0182
163,88900,0.000532,0.011,0.0005,0.0009,0.0005,0.0,0.0182
164,89000,0.000528,0.0104,0.0005,0.0007,0.0004,0.0,0.0181
164,89100,0.000523,0.0106,0.0005,0.0007,0.0004,0.0,0.0182
164,89200,0.000519,0.0107,0.0005,0.0007,0.0004,0.0,0.0182
164,89300,0.000515,0.0109,0.0005,0.0009,0.0004,0.0,0.0182
164,89400,0.00051,0.011,0.0005,0.0009,0.0005,0.0,0.0182
164,89500,0.000506,0.0109,0.0005,0.0009,0.0004,0.0,0.0182
165,89600,0.000502,0.011,0.0005,0.0009,0.0004,0.0,0.0183
165,89700,0.000498,0.0109,0.0005,0.0009,0.0004,0.0,0.0182
165,89800,0.000494,0.0106,0.0005,0.0008,0.0004,0.0,0.0181
165,89900,0.00049,0.0105,0.0005,0.0007,0.0004,0.0,0.018
165,90000,0.000486,0.0104,0.0005,0.0007,0.0004,0.0,0.018
166,90100,0.000482,0.01,0.0004,0.0005,0.0004,0.0,0.0177
166,90200,0.000478,0.01,0.0004,0.0004,0.0004,0.0,0.0177
166,90300,0.000474,0.0099,0.0004,0.0004,0.0004,0.0,0.0177
166,90400,0.00047,0.01,0.0004,0.0004,0.0004,0.0,0.0178
166,90500,0.000466,0.01,0.0005,0.0004,0.0004,0.0,0.0179
166,90600,0.000462,0.01,0.0005,0.0004,0.0004,0.0,0.0179
167,90700,0.000458,0.0102,0.0005,0.0004,0.0004,0.0,0.0182
167,90800,0.000454,0.0101,0.0005,0.0004,0.0004,0.0,0.0182
167,90900,0.000451,0.01,0.0005,0.0004,0.0004,0.0,0.0181
167,91000,0.000447,0.01,0.0005,0.0004,0.0004,0.0,0.0181
167,91100,0.000443,0.01,0.0005,0.0004,0.0004,0.0,0.0181
168,91200,0.000439,0.0099,0.0005,0.0004,0.0003,0.0,0.018
168,91300,0.000436,0.0099,0.0005,0.0004,0.0003,0.0,0.0179
168,91400,0.000432,0.0099,0.0005,0.0004,0.0004,0.0,0.0179
168,91500,0.000429,0.0101,0.0005,0.0004,0.0005,0.0,0.0179
168,91600,0.000425,0.0101,0.0004,0.0004,0.0005,0.0,0.0179
168,91700,0.000422,0.0101,0.0004,0.0004,0.0005,0.0,0.0179
169,91800,0.000418,0.0099,0.0004,0.0004,0.0005,0.0,0.0176
169,91900,0.000415,0.0099,0.0004,0.0004,0.0004,0.0,0.0177
169,92000,0.000411,0.0099,0.0004,0.0004,0.0004,0.0,0.0177
169,92100,0.000408,0.0099,0.0004,0.0004,0.0004,0.0,0.0178
169,92200,0.000404,0.0099,0.0004,0.0004,0.0004,0.0,0.0178
170,92300,0.000401,0.0098,0.0004,0.0004,0.0003,0.0,0.0177
170,92400,0.000398,0.0098,0.0004,0.0004,0.0003,0.0,0.0178
170,92500,0.000394,0.0099,0.0005,0.0004,0.0003,0.0,0.0179
170,92600,0.000391,0.0099,0.0005,0.0004,0.0003,0.0,0.0179
170,92700,0.000388,0.0099,0.0005,0.0004,0.0003,0.0,0.0179
170,92800,0.000385,0.0099,0.0005,0.0004,0.0003,0.0,0.0179
171,92900,0.000381,0.0099,0.0005,0.0004,0.0003,0.0,0.0179
171,93000,0.000378,0.0099,0.0005,0.0004,0.0003,0.0,0.018
171,93100,0.000375,0.0099,0.0005,0.0004,0.0003,0.0,0.018
171,93200,0.000372,0.0099,0.0005,0.0004,0.0003,0.0,0.018
171,93300,0.000369,0.0099,0.0005,0.0004,0.0003,0.0,0.018
